po_number,BU,vendor_name,VendorID,Ship To Address,Remit To Address,Invoice No,Invoice Date,Total Amount,freight,Subtotal,Tax amount,GST,PST,HST,QST,CarbonTax,Fee,Other Tax,SalesTax,DocumentType,description,quantity,unit_price,unit_of_measure,Total Price,GL Code
PO5770008252,577,BRIDGESTONE FIRESTONE CANADA                                     ,BRIFIR01       ,GFL ENVIRONMENTAL INC GFL ENVIRONMENTAL INC CHILLIWACK 8526 CHILLIWACK MOUNTAIN RD CHILLIWACK BC V2R 3W8 CA,"BRIDGESTONE CANADA INC. BOX/CP 7494 - POSTAL STATION A TORONTO, ON M5W 3C1 CANADA",6540117510,02-27-2023,0.0,0.0,0.0,0.0,0.0,0.0,0.0,0.0,0.0,0.0,0.0,0.0,INVOICE,BDR-W2 11R24.5TLST,5.000,0.0,EA,0.0,10320-0000-250-000
PO5770008252,577,BRIDGESTONE FIRESTONE CANADA                                     ,BRIFIR01       ,GFL ENVIRONMENTAL INC GFL ENVIRONMENTAL INC CHILLIWACK 8526 CHILLIWACK MOUNTAIN RD CHILLIWACK BC V2R 3W8 CA,"BRIDGESTONE CANADA INC. BOX/CP 7494 - POSTAL STATION A TORONTO, ON M5W 3C1 CANADA",6540117510,02-27-2023,0.0,0.0,0.0,0.0,0.0,0.0,0.0,0.0,0.0,0.0,0.0,0.0,INVOICE,SPTREPAIR WITH RETREAD TLST,2.000,0.0,EA,0.0,10320-0000-250-000
PO5770008252,577,BRIDGESTONE FIRESTONE CANADA                                     ,BRIFIR01       ,GFL ENVIRONMENTAL INC GFL ENVIRONMENTAL INC CHILLIWACK 8526 CHILLIWACK MOUNTAIN RD CHILLIWACK BC V2R 3W8 CA,"BRIDGESTONE CANADA INC. BOX/CP 7494 - POSTAL STATION A TORONTO, ON M5W 3C1 CANADA",6540117510,02-27-2023,0.0,0.0,0.0,0.0,0.0,0.0,0.0,0.0,0.0,0.0,0.0,0.0,INVOICE,B-24RADREPAIR WITH RETREAD TLST,1.000,0.0,EA,0.0,10320-0000-250-000
PO5770008252,577,BRIDGESTONE FIRESTONE CANADA                                     ,BRIFIR01       ,GFL ENVIRONMENTAL INC GFL ENVIRONMENTAL INC CHILLIWACK 8526 CHILLIWACK MOUNTAIN RD CHILLIWACK BC V2R 3W8 CA,"BRIDGESTONE CANADA INC. BOX/CP 7494 - POSTAL STATION A TORONTO, ON M5W 3C1 CANADA",6540117510,02-27-2023,0.0,0.0,0.0,0.0,0.0,0.0,0.0,0.0,0.0,0.0,0.0,0.0,INVOICE,B-20RADREPAIR WITH RETREAD TLST,2.000,0.0,EA,0.0,10320-0000-250-000
PO5770008252,577,BRIDGESTONE FIRESTONE CANADA                                     ,BRIFIR01       ,GFL ENVIRONMENTAL INC GFL ENVIRONMENTAL INC CHILLIWACK 8526 CHILLIWACK MOUNTAIN RD CHILLIWACK BC V2R 3W8 CA,"BRIDGESTONE CANADA INC. BOX/CP 7494 - POSTAL STATION A TORONTO, ON M5W 3C1 CANADA",6540117510,02-27-2023,0.0,0.0,0.0,0.0,0.0,0.0,0.0,0.0,0.0,0.0,0.0,0.0,INVOICE,RADREPAIRSP8 WITH RETREAD TLST,1.000,0.0,EA,0.0,10320-0000-250-000
