po_number,BU,vendor_name,VendorID,Ship To Address,Remit To Address,Invoice No,Invoice Date,Total Amount,freight,Subtotal,Tax amount,GST,PST,HST,QST,CarbonTax,Fee,Other Tax,SalesTax,DocumentType,description,quantity,unit_price,unit_of_measure,Total Price,GL Code
PO570000426,570,Fleet Charge,FLECHA02,"570 - Thunder Bay 3000 Highway 61, Slate River ON P7J 0G8","Fleet Charge c/o Lockbox 920240 PO BOX 4090 STN A Toronto, ON M5W 0E9",60P28675,06-27-2023,525.71,0,,,60.48,,,,,,,,Invoice,11 (100PKG) 7.72,2.00,7.72,EA,15.44,Na
PO570000426,570,Fleet Charge,FLECHA02,"570 - Thunder Bay 3000 Highway 61, Slate River ON P7J 0G8","Fleet Charge c/o Lockbox 920240 PO BOX 4090 STN A Toronto, ON M5W 0E9",60P28675,06-27-2023,525.71,0,,,60.48,,,,,,,,Invoice,"STANDARD TIE WRAP, 15 1/2, 9.63",2.00,9.63,EA,19.26,Na
PO570000426,570,Fleet Charge,FLECHA02,"570 - Thunder Bay 3000 Highway 61, Slate River ON P7J 0G8","Fleet Charge c/o Lockbox 920240 PO BOX 4090 STN A Toronto, ON M5W 0E9",60P28675,06-27-2023,525.71,0,,,60.48,,,,,,,,Invoice,FLUID 10.26,12.00,10.26,EA,123.12,Na
PO570000426,570,Fleet Charge,FLECHA02,"570 - Thunder Bay 3000 Highway 61, Slate River ON P7J 0G8","Fleet Charge c/o Lockbox 920240 PO BOX 4090 STN A Toronto, ON M5W 0E9",60P28675,06-27-2023,525.71,0,,,60.48,,,,,,,,Invoice,WINDSHIELD WASHER -40 3.78 L 4.50,60.00,4.50,EA,270.00,Na
PO570000426,570,Fleet Charge,FLECHA02,"570 - Thunder Bay 3000 Highway 61, Slate River ON P7J 0G8","Fleet Charge c/o Lockbox 920240 PO BOX 4090 STN A Toronto, ON M5W 0E9",60P28675,06-27-2023,525.71,0,,,60.48,,,,,,,,Invoice,BUTANE 12.47,3.00,12.47,EA,37.41,Na
