po_number,BU,vendor_name,VendorID,Ship To Address,Remit To Address,Invoice No,Invoice Date,Total Amount,freight,Subtotal,Tax amount,GST,PST,HST,QST,CarbonTax,Fee,Other Tax,SalesTax,DocumentType,description,quantity,unit_price,unit_of_measure,Total Price,GL Code
P05700004268,570,,FLECHA02       ,"570 - Thunder Bay 3000 Highway 61, Slate River ON P7J 0G8","Fleet Charge c/o Lockbox 920240 PO BOX 4090 STN A Toronto, ON M5W 0E9",60P28542,2023-06-27T00:00-04:00,0.0,0.0,0.0,0.0,0.0,0.0,0.0,0.0,0.0,0.0,0.0,0.0,Invoice,"STANDARD TIE WRAP, 15 1/2,",1,0.0,EA,0.0,47020-7401-570-000
P05700004268,570,,FLECHA02       ,"570 - Thunder Bay 3000 Highway 61, Slate River ON P7J 0G8","Fleet Charge c/o Lockbox 920240 PO BOX 4090 STN A Toronto, ON M5W 0E9",60P28542,2023-06-27T00:00-04:00,0.0,0.0,0.0,0.0,0.0,0.0,0.0,0.0,0.0,0.0,0.0,0.0,Invoice,"PIGTAIL,SEALED MARKER",1,0.0,EA,0.0,47020-7401-570-000
P05700004268,570,,FLECHA02       ,"570 - Thunder Bay 3000 Highway 61, Slate River ON P7J 0G8","Fleet Charge c/o Lockbox 920240 PO BOX 4090 STN A Toronto, ON M5W 0E9",60P28542,2023-06-27T00:00-04:00,0.0,0.0,0.0,0.0,0.0,0.0,0.0,0.0,0.0,0.0,0.0,0.0,Invoice,"PIGTAIL,3 WIRE",1,0.0,EA,0.0,47020-7401-570-000
P05700004268,570,,FLECHA02       ,"570 - Thunder Bay 3000 Highway 61, Slate River ON P7J 0G8","Fleet Charge c/o Lockbox 920240 PO BOX 4090 STN A Toronto, ON M5W 0E9",60P28542,2023-06-27T00:00-04:00,0.0,0.0,0.0,0.0,0.0,0.0,0.0,0.0,0.0,0.0,0.0,0.0,Invoice,"PIGTAIL, 90 DEGREE, ECONOMY",1,0.0,EA,0.0,47020-7401-570-000
P05700004268,570,,FLECHA02       ,"570 - Thunder Bay 3000 Highway 61, Slate River ON P7J 0G8","Fleet Charge c/o Lockbox 920240 PO BOX 4090 STN A Toronto, ON M5W 0E9",60P28542,2023-06-27T00:00-04:00,0.0,0.0,0.0,0.0,0.0,0.0,0.0,0.0,0.0,0.0,0.0,0.0,Invoice,BRAKE CLEAN NON-CHL 390GR,1,0.0,EA,0.0,10305-0000-570-000
P05700004268,570,,FLECHA02       ,"570 - Thunder Bay 3000 Highway 61, Slate River ON P7J 0G8","Fleet Charge c/o Lockbox 920240 PO BOX 4090 STN A Toronto, ON M5W 0E9",60P28542,2023-06-27T00:00-04:00,0.0,0.0,0.0,0.0,0.0,0.0,0.0,0.0,0.0,0.0,0.0,0.0,Invoice,"PIN, CLEVIS 1/2",1,0.0,EA,0.0,47020-7401-570-000
P05700004268,570,,FLECHA02       ,"570 - Thunder Bay 3000 Highway 61, Slate River ON P7J 0G8","Fleet Charge c/o Lockbox 920240 PO BOX 4090 STN A Toronto, ON M5W 0E9",60P28542,2023-06-27T00:00-04:00,0.0,0.0,0.0,0.0,0.0,0.0,0.0,0.0,0.0,0.0,0.0,0.0,Invoice,LP 6LED BRITEZONE 16W 9-32V,1,0.0,EA,0.0,47020-7401-570-000
P05700004268,570,,FLECHA02       ,"570 - Thunder Bay 3000 Highway 61, Slate River ON P7J 0G8","Fleet Charge c/o Lockbox 920240 PO BOX 4090 STN A Toronto, ON M5W 0E9",60P28542,2023-06-27T00:00-04:00,0.0,0.0,0.0,0.0,0.0,0.0,0.0,0.0,0.0,0.0,0.0,0.0,Invoice,HARNESS HEADLAMP 3 PRONG,1,0.0,EA,0.0,47020-7401-570-000
P05700004268,570,,FLECHA02       ,"570 - Thunder Bay 3000 Highway 61, Slate River ON P7J 0G8","Fleet Charge c/o Lockbox 920240 PO BOX 4090 STN A Toronto, ON M5W 0E9",60P28542,2023-06-27T00:00-04:00,0.0,0.0,0.0,0.0,0.0,0.0,0.0,0.0,0.0,0.0,0.0,0.0,Invoice,3157 10,1,0.0,EA,0.0,47020-7401-570-000
P05700004268,570,,FLECHA02       ,"570 - Thunder Bay 3000 Highway 61, Slate River ON P7J 0G8","Fleet Charge c/o Lockbox 920240 PO BOX 4090 STN A Toronto, ON M5W 0E9",60P28542,2023-06-27T00:00-04:00,0.0,0.0,0.0,0.0,0.0,0.0,0.0,0.0,0.0,0.0,0.0,0.0,Invoice,HEADLIGHT SOCKET W/HARNESS,1,0.0,EA,0.0,10310-0000-570-000
