po_number,BU,vendor_name,VendorID,Ship To Address,Remit To Address,Invoice No,Invoice Date,Total Amount,freight,Subtotal,Tax amount,GST,PST,HST,QST,CarbonTax,Fee,Other Tax,SalesTax,DocumentType,description,quantity,unit_price,unit_of_measure,Total Price,GL Code
PO5700004268,570,FLEET CHARGE PROCESSING CENTER                                   ,FLECHA02       ,"570 - Thunder Bay 3000 Highway 61, Slate River ON P7J 0G8","Fleet Charge c/o Lockbox 920240 PO BOX 4090 STN A Toronto, ON M5W 0E9",60P28542,2023-06-27T00:00-04:00,0.0,0.0,0.0,0.0,0.0,0.0,0.0,0.0,0.0,0.0,0.0,0.0,Invoice,HEADLIGHT SOCKET W/HARNESS,1,0.0,EA,0.0,10310-0000-570-000
PO5700004268,570,FLEET CHARGE PROCESSING CENTER                                   ,FLECHA02       ,"570 - Thunder Bay 3000 Highway 61, Slate River ON P7J 0G8","Fleet Charge c/o Lockbox 920240 PO BOX 4090 STN A Toronto, ON M5W 0E9",60P28542,2023-06-27T00:00-04:00,0.0,0.0,0.0,0.0,0.0,0.0,0.0,0.0,0.0,0.0,0.0,0.0,Invoice,"PIGTAIL,SEALED MARKER 1.17",1,0.0,EA,0.0,47020-7401-570-000
PO5700004268,570,FLEET CHARGE PROCESSING CENTER                                   ,FLECHA02       ,"570 - Thunder Bay 3000 Highway 61, Slate River ON P7J 0G8","Fleet Charge c/o Lockbox 920240 PO BOX 4090 STN A Toronto, ON M5W 0E9",60P28542,2023-06-27T00:00-04:00,0.0,0.0,0.0,0.0,0.0,0.0,0.0,0.0,0.0,0.0,0.0,0.0,Invoice,"PIGTAIL,3 WIRE 1.30",1,0.0,EA,0.0,47020-7401-570-000
PO5700004268,570,FLEET CHARGE PROCESSING CENTER                                   ,FLECHA02       ,"570 - Thunder Bay 3000 Highway 61, Slate River ON P7J 0G8","Fleet Charge c/o Lockbox 920240 PO BOX 4090 STN A Toronto, ON M5W 0E9",60P28542,2023-06-27T00:00-04:00,0.0,0.0,0.0,0.0,0.0,0.0,0.0,0.0,0.0,0.0,0.0,0.0,Invoice,"PIGTAIL, 90 DEGREE, ECONOMY 1.29",1,0.0,EA,0.0,47020-7401-570-000
PO5700004268,570,FLEET CHARGE PROCESSING CENTER                                   ,FLECHA02       ,"570 - Thunder Bay 3000 Highway 61, Slate River ON P7J 0G8","Fleet Charge c/o Lockbox 920240 PO BOX 4090 STN A Toronto, ON M5W 0E9",60P28542,2023-06-27T00:00-04:00,0.0,0.0,0.0,0.0,0.0,0.0,0.0,0.0,0.0,0.0,0.0,0.0,Invoice,BRAKE CLEAN NON-CHL 390GR 3.44,1,0.0,EA,0.0,10305-0000-570-000
PO5700004268,570,FLEET CHARGE PROCESSING CENTER                                   ,FLECHA02       ,"570 - Thunder Bay 3000 Highway 61, Slate River ON P7J 0G8","Fleet Charge c/o Lockbox 920240 PO BOX 4090 STN A Toronto, ON M5W 0E9",60P28542,2023-06-27T00:00-04:00,0.0,0.0,0.0,0.0,0.0,0.0,0.0,0.0,0.0,0.0,0.0,0.0,Invoice,"PIN, CLEVIS 1/2 1.11",1,0.0,EA,0.0,47020-7401-570-000
PO5700004268,570,FLEET CHARGE PROCESSING CENTER                                   ,FLECHA02       ,"570 - Thunder Bay 3000 Highway 61, Slate River ON P7J 0G8","Fleet Charge c/o Lockbox 920240 PO BOX 4090 STN A Toronto, ON M5W 0E9",60P28542,2023-06-27T00:00-04:00,0.0,0.0,0.0,0.0,0.0,0.0,0.0,0.0,0.0,0.0,0.0,0.0,Invoice,LP 6LED BRITEZONE 16W 9-32V 31.15,1,0.0,EA,0.0,47020-7401-570-000
PO5700004268,570,FLEET CHARGE PROCESSING CENTER                                   ,FLECHA02       ,"570 - Thunder Bay 3000 Highway 61, Slate River ON P7J 0G8","Fleet Charge c/o Lockbox 920240 PO BOX 4090 STN A Toronto, ON M5W 0E9",60P28542,2023-06-27T00:00-04:00,0.0,0.0,0.0,0.0,0.0,0.0,0.0,0.0,0.0,0.0,0.0,0.0,Invoice,HARNESS HEADLAMP 3 PRONG 3.30,1,0.0,EA,0.0,47020-7401-570-000
PO5700004268,570,FLEET CHARGE PROCESSING CENTER                                   ,FLECHA02       ,"570 - Thunder Bay 3000 Highway 61, Slate River ON P7J 0G8","Fleet Charge c/o Lockbox 920240 PO BOX 4090 STN A Toronto, ON M5W 0E9",60P28542,2023-06-27T00:00-04:00,0.0,0.0,0.0,0.0,0.0,0.0,0.0,0.0,0.0,0.0,0.0,0.0,Invoice,3157 10 1.03,1,0.0,EA,0.0,47020-7401-570-000
PO5700004268,570,FLEET CHARGE PROCESSING CENTER                                   ,FLECHA02       ,"570 - Thunder Bay 3000 Highway 61, Slate River ON P7J 0G8","Fleet Charge c/o Lockbox 920240 PO BOX 4090 STN A Toronto, ON M5W 0E9",60P28542,2023-06-27T00:00-04:00,0.0,0.0,0.0,0.0,0.0,0.0,0.0,0.0,0.0,0.0,0.0,0.0,Invoice,HEADLIGHT SOCKET W/HARNESS 1.72,1,0.0,EA,0.0,47020-7401-570-000
