po_number,BU,vendor_name,VendorID,ship_to_address,remit_to_address,invoice_number,invoice_date,total_amount,freight,subtotal,tax_amount,GST,HST,PST,QST,CarbonTax,Fee,OtherTax,SalesTax,DocumentType,description,quantity,unit_price,unit_of_measure,total_price,GL Code
5770008252,,BRIDGESTONE CANADA INC.,,GFL ENVIRONMENTAL INC GFL ENVIRONMENTAL INC CHILLIWACK 8526 CHILLIWACK MOUNTAIN RD CHILLIWACK BC V2R 3W8 CA,"BRIDGESTONE CANADA INC. BOX/CP 7494 - POSTAL STATION A TORONTO, ON M5W 3C1 CANADA",6540117510,02-27-2023,"1,670.52",0,"1,491.54",,74.57,,104.41,,,,,,INVOICE,BDR-W2 11R24.5TLST,5.000,646.00,EA,"1,387.85",
5770008252,,BRIDGESTONE CANADA INC.,,GFL ENVIRONMENTAL INC GFL ENVIRONMENTAL INC CHILLIWACK 8526 CHILLIWACK MOUNTAIN RD CHILLIWACK BC V2R 3W8 CA,"BRIDGESTONE CANADA INC. BOX/CP 7494 - POSTAL STATION A TORONTO, ON M5W 3C1 CANADA",6540117510,02-27-2023,"1,670.52",0,"1,491.54",,74.57,,104.41,,,,,,INVOICE,SPTREPAIR WITH RETREAD TLST,2.000,0.00,EA,0.00,
5770008252,,BRIDGESTONE CANADA INC.,,GFL ENVIRONMENTAL INC GFL ENVIRONMENTAL INC CHILLIWACK 8526 CHILLIWACK MOUNTAIN RD CHILLIWACK BC V2R 3W8 CA,"BRIDGESTONE CANADA INC. BOX/CP 7494 - POSTAL STATION A TORONTO, ON M5W 3C1 CANADA",6540117510,02-27-2023,"1,670.52",0,"1,491.54",,74.57,,104.41,,,,,,INVOICE,B-24RADREPAIR WITH RETREAD TLST,1.000,67.96,EA,33.98,
5770008252,,BRIDGESTONE CANADA INC.,,GFL ENVIRONMENTAL INC GFL ENVIRONMENTAL INC CHILLIWACK 8526 CHILLIWACK MOUNTAIN RD CHILLIWACK BC V2R 3W8 CA,"BRIDGESTONE CANADA INC. BOX/CP 7494 - POSTAL STATION A TORONTO, ON M5W 3C1 CANADA",6540117510,02-27-2023,"1,670.52",0,"1,491.54",,74.57,,104.41,,,,,,INVOICE,B-20RADREPAIR WITH RETREAD TLST,2.000,56.45,EA,56.44,
5770008252,,BRIDGESTONE CANADA INC.,,GFL ENVIRONMENTAL INC GFL ENVIRONMENTAL INC CHILLIWACK 8526 CHILLIWACK MOUNTAIN RD CHILLIWACK BC V2R 3W8 CA,"BRIDGESTONE CANADA INC. BOX/CP 7494 - POSTAL STATION A TORONTO, ON M5W 3C1 CANADA",6540117510,02-27-2023,"1,670.52",0,"1,491.54",,74.57,,104.41,,,,,,INVOICE,RADREPAIRSP8 WITH RETREAD TLST,1.000,26.54,EA,13.27,
