po_number,BU,vendor_name,VendorID,Ship To Address,Remit To Address,Invoice No,Invoice Date,Total Amount,freight,Subtotal,Tax amount,GST,PST,HST,QST,CarbonTax,Fee,Other Tax,SalesTax,DocumentType,description,quantity,unit_price,unit_of_measure,Total Price,GL Code
PO570000426,570,Fleet Charge,FLECHA02,"570 - Thunder Bay 3000 Highway 61, Slate River ON P7J 0G8","Fleet Charge c/o Lockbox 920240 PO BOX 4090 STN A Toronto, ON M5W 0E9",60P28675,06-27-2023,0.0,0.0,0.0,0.0,0.0,0.0,0.0,0.0,0.0,0.0,0.0,0.0,Invoice,11 (100PKG),2.00,0.0,EA,0.0,Na
PO570000426,570,Fleet Charge,FLECHA02,"570 - Thunder Bay 3000 Highway 61, Slate River ON P7J 0G8","Fleet Charge c/o Lockbox 920240 PO BOX 4090 STN A Toronto, ON M5W 0E9",60P28675,06-27-2023,0.0,0.0,0.0,0.0,0.0,0.0,0.0,0.0,0.0,0.0,0.0,0.0,Invoice,"STANDARD TIE WRAP, 15 1/2,",2.00,0.0,EA,0.0,Na
PO570000426,570,Fleet Charge,FLECHA02,"570 - Thunder Bay 3000 Highway 61, Slate River ON P7J 0G8","Fleet Charge c/o Lockbox 920240 PO BOX 4090 STN A Toronto, ON M5W 0E9",60P28675,06-27-2023,0.0,0.0,0.0,0.0,0.0,0.0,0.0,0.0,0.0,0.0,0.0,0.0,Invoice,FLUID,12.00,0.0,EA,0.0,Na
PO570000426,570,Fleet Charge,FLECHA02,"570 - Thunder Bay 3000 Highway 61, Slate River ON P7J 0G8","Fleet Charge c/o Lockbox 920240 PO BOX 4090 STN A Toronto, ON M5W 0E9",60P28675,06-27-2023,0.0,0.0,0.0,0.0,0.0,0.0,0.0,0.0,0.0,0.0,0.0,0.0,Invoice,WINDSHIELD WASHER -40 3.78 L,60.00,0.0,EA,0.0,Na
PO570000426,570,Fleet Charge,FLECHA02,"570 - Thunder Bay 3000 Highway 61, Slate River ON P7J 0G8","Fleet Charge c/o Lockbox 920240 PO BOX 4090 STN A Toronto, ON M5W 0E9",60P28675,06-27-2023,0.0,0.0,0.0,0.0,0.0,0.0,0.0,0.0,0.0,0.0,0.0,0.0,Invoice,BUTANE,3.00,0.0,EA,0.0,Na
