po_number,BU,vendor_name,VendorID,Ship To Address,Remit To Address,Invoice No,Invoice Date,Total Amount,freight,Subtotal,Tax amount,GST,PST,HST,QST,CarbonTax,Fee,Other Tax,SalesTax,DocumentType,description,quantity,unit_price,unit_of_measure,Total Price,GL Code
PO5830003350,583,PACCAR                                                           ,PACCAR01       ,"583 - BC Landfills 22374 Lougheed Highway, Maple Ridge BC V2X 2T5","c/o Lockbox 920240 PO Box 4090 Station A Toronto, ON M5W 0E9",358639H,2022-10-17T00:00-04:00,0.0,0.0,0.0,0.0,0.0,0.0,0.0,0.0,0.0,0.0,0.0,0.0,Invoice,International Part 0001.00 FF2200 FUELFLTR,,0.0,EA,0.0,47000-7300-583-535
PO5830003350,583,PACCAR                                                           ,PACCAR01       ,"583 - BC Landfills 22374 Lougheed Highway, Maple Ridge BC V2X 2T5","c/o Lockbox 920240 PO Box 4090 Station A Toronto, ON M5W 0E9",358639H,2022-10-17T00:00-04:00,0.0,0.0,0.0,0.0,0.0,0.0,0.0,0.0,0.0,0.0,0.0,0.0,Invoice,International Part 0001.00 FS19729 FILTER,,0.0,EA,0.0,47000-7300-583-535
PO5830003350,583,PACCAR                                                           ,PACCAR01       ,"583 - BC Landfills 22374 Lougheed Highway, Maple Ridge BC V2X 2T5","c/o Lockbox 920240 PO Box 4090 Station A Toronto, ON M5W 0E9",358639H,2022-10-17T00:00-04:00,0.0,0.0,0.0,0.0,0.0,0.0,0.0,0.0,0.0,0.0,0.0,0.0,Invoice,International Part 0001.00 WF2127 FILTER,,0.0,EA,0.0,47000-7300-583-535
PO5830003350,583,PACCAR                                                           ,PACCAR01       ,"583 - BC Landfills 22374 Lougheed Highway, Maple Ridge BC V2X 2T5","c/o Lockbox 920240 PO Box 4090 Station A Toronto, ON M5W 0E9",358639H,2022-10-17T00:00-04:00,0.0,0.0,0.0,0.0,0.0,0.0,0.0,0.0,0.0,0.0,0.0,0.0,Invoice,International Part 0001.00 AF26103 FILTER,,0.0,EA,0.0,47000-7300-583-535
PO5830003350,583,PACCAR                                                           ,PACCAR01       ,"583 - BC Landfills 22374 Lougheed Highway, Maple Ridge BC V2X 2T5","c/o Lockbox 920240 PO Box 4090 Station A Toronto, ON M5W 0E9",358639H,2022-10-17T00:00-04:00,0.0,0.0,0.0,0.0,0.0,0.0,0.0,0.0,0.0,0.0,0.0,0.0,Invoice,International Part 0001.00 AF26430 FILTER,,0.0,EA,0.0,47000-7300-583-535
PO5830003350,583,PACCAR                                                           ,PACCAR01       ,"583 - BC Landfills 22374 Lougheed Highway, Maple Ridge BC V2X 2T5","c/o Lockbox 920240 PO Box 4090 Station A Toronto, ON M5W 0E9",358639H,2022-10-17T00:00-04:00,0.0,0.0,0.0,0.0,0.0,0.0,0.0,0.0,0.0,0.0,0.0,0.0,Invoice,International Part 0001.00 LF14000NN FILTER,,0.0,EA,0.0,
