po_number,BU,vendor_name,VendorID,Ship To Address,Remit To Address,Invoice No,Invoice Date,Total Amount,freight,Subtotal,Tax amount,GST,PST,HST,QST,CarbonTax,Fee,Other Tax,SalesTax,DocumentType,description,quantity,unit_price,unit_of_measure,Total Price,GL Code
PO5770008252,577,BRIDGESTONE FIRESTONE CANADA                                     ,BRIFIR01       ,GFL ENVIRONMENTAL INC GFL ENVIRONMENTAL INC CHILLIWACK 8526 CHILLIWACK MOUNTAIN RD CHILLIWACK BC V2R 3W8 CA,"BRIDGESTONE CANADA INC. BOX/CP 7494 - POSTAL STATION A TORONTO, ON M5W 3C1 CANADA",6540117510,02-27-2023,"1,670.52",0,"1,491.54",,74.57,,104.41,,,,,,INVOICE,BDR-W2 11R24.5TLST,5.000,277.57,EA,"1,387.85",10320-0000-250-000
PO5770008252,577,BRIDGESTONE FIRESTONE CANADA                                     ,BRIFIR01       ,GFL ENVIRONMENTAL INC GFL ENVIRONMENTAL INC CHILLIWACK 8526 CHILLIWACK MOUNTAIN RD CHILLIWACK BC V2R 3W8 CA,"BRIDGESTONE CANADA INC. BOX/CP 7494 - POSTAL STATION A TORONTO, ON M5W 3C1 CANADA",6540117510,02-27-2023,"1,670.52",0,"1,491.54",,74.57,,104.41,,,,,,INVOICE,SPTREPAIR WITH RETREAD TLST,2.000,0.00,EA,0.00,10320-0000-250-000
PO5770008252,577,BRIDGESTONE FIRESTONE CANADA                                     ,BRIFIR01       ,GFL ENVIRONMENTAL INC GFL ENVIRONMENTAL INC CHILLIWACK 8526 CHILLIWACK MOUNTAIN RD CHILLIWACK BC V2R 3W8 CA,"BRIDGESTONE CANADA INC. BOX/CP 7494 - POSTAL STATION A TORONTO, ON M5W 3C1 CANADA",6540117510,02-27-2023,"1,670.52",0,"1,491.54",,74.57,,104.41,,,,,,INVOICE,B-24RADREPAIR WITH RETREAD TLST,1.000,33.98,EA,33.98,10320-0000-250-000
PO5770008252,577,BRIDGESTONE FIRESTONE CANADA                                     ,BRIFIR01       ,GFL ENVIRONMENTAL INC GFL ENVIRONMENTAL INC CHILLIWACK 8526 CHILLIWACK MOUNTAIN RD CHILLIWACK BC V2R 3W8 CA,"BRIDGESTONE CANADA INC. BOX/CP 7494 - POSTAL STATION A TORONTO, ON M5W 3C1 CANADA",6540117510,02-27-2023,"1,670.52",0,"1,491.54",,74.57,,104.41,,,,,,INVOICE,B-20RADREPAIR WITH RETREAD TLST,2.000,28.22,EA,56.44,10320-0000-250-000
PO5770008252,577,BRIDGESTONE FIRESTONE CANADA                                     ,BRIFIR01       ,GFL ENVIRONMENTAL INC GFL ENVIRONMENTAL INC CHILLIWACK 8526 CHILLIWACK MOUNTAIN RD CHILLIWACK BC V2R 3W8 CA,"BRIDGESTONE CANADA INC. BOX/CP 7494 - POSTAL STATION A TORONTO, ON M5W 3C1 CANADA",6540117510,02-27-2023,"1,670.52",0,"1,491.54",,74.57,,104.41,,,,,,INVOICE,RADREPAIRSP8 WITH RETREAD TLST,1.000,13.27,EA,13.27,10320-0000-250-000
,,,,,,,,,,,,,,,,,,,,,,,,,,
